{
    "id": "20240402011823235-1289",
    "metadata": {
        "has_child": [
            {
                "id": "SIM-1715862828",
                "metadata": {
                    "aiida_version": "2.4.3",
                    "creation_parameters": {
                        "entities_starting_set": {
                            "node": [
                                "0e275ed7-c1ec-4926-b0d0-3b7cc97e9ab2"
                            ]
                        },
                        "include_authinfos": false,
                        "include_comments": true
                    }
                },
                "ontology": "@https://aiida.net/Simulation",
                "title": "New Simulation on 20240402011823235-1289",
                "type": "@aiida.Simulation"
            }
        ],
        "inChIKey": "MTHN",
        "iupacName": "Methane",
        "molecularFormula": "CH4",
        "molecularWeight": "16.043 g/mol-1"
    },
    "ontology": "@https://schema.org/MolecularEntity",
    "title": "Molecul",
    "type": "@as.dto.dataset.Object"
}